"participle","order","country","edited"
"gedaan","green","BE",FALSE
"rechtgezet","red","BE",TRUE
"gestart","red","NL",TRUE
"gebleven","green","NL",TRUE
"gezien","green","BE",TRUE
"gedaan","red","BE",TRUE
"gezet","green","NL",FALSE
"bedolven","green","BE",TRUE
"gehad","red","NL",TRUE
"geselecteerd","green","BE",TRUE
"geschopt","green","BE",TRUE
"verteld","red","BE",TRUE
"geweest","green","BE",FALSE
"geschreven","red","BE",FALSE
"overgehouden","red","NL",TRUE
"gehoord","red","BE",TRUE
"opgepakt","red","BE",TRUE
"geplaagd","red","BE",TRUE
"genoten","red","NL",TRUE
"gereden","red","BE",TRUE
"opgesteld","red","BE",TRUE
"opgestaan","red","NL",TRUE
"gedaan","green","NL",TRUE
"geweten","red","NL",TRUE
"aangereden","red","BE",TRUE
"geslaagd","red","NL",TRUE
"gesnapt","green","BE",TRUE
"genoemd","red","BE",TRUE
"ingezameld","green","BE",TRUE
"geworden","green","BE",TRUE
"gekomen","red","BE",FALSE
"verkocht","red","BE",TRUE
"gebeurd","red","BE",TRUE
"getikt","green","NL",TRUE
"uitgevochten","red","BE",TRUE
"bijgewoond","red","NL",TRUE
"begraven","green","NL",TRUE
"gestolen","green","BE",TRUE
"vernomen","red","NL",TRUE
"gedaan","red","NL",FALSE
"gekregen","red","BE",TRUE
"geboren","green","BE",TRUE
"opgenomen","red","NL",TRUE
"gezocht","red","BE",TRUE
"verheven","green","BE",FALSE
"verdiend","red","BE",TRUE
"behandeld","green","BE",TRUE
"gestreken","green","BE",TRUE
"beslist","green","BE",TRUE
"gelopen","green","BE",TRUE
"vastgelegd","red","BE",TRUE
"gehandeld","green","BE",TRUE
"geholpen","red","NL",FALSE
"begonnen","red","BE",FALSE
"gevonden","green","BE",FALSE
"gegooid","red","NL",FALSE
"gegaan","green","NL",FALSE
"geweest","red","BE",TRUE
"gegeven","red","NL",TRUE
"gesproken","red","NL",TRUE
"gestolen","green","BE",TRUE
"gehoord","red","NL",FALSE
"gedronken","green","NL",FALSE
"betast","red","BE",TRUE
"gebruikt","red","BE",TRUE
"overschat","green","BE",TRUE
"gehad","red","NL",TRUE
"gevolgd","green","BE",TRUE
"verzorgd","green","BE",TRUE
"gebeurd","green","BE",FALSE
"gedaan","red","BE",FALSE
"gekozen","green","BE",TRUE
"vernederd","green","NL",TRUE
"gezet","red","NL",TRUE
"meegemaakt","red","NL",FALSE
"ontvangen","red","BE",TRUE
"aangelegd","red","NL",FALSE
"gezet","red","BE",TRUE
"gedacht","red","BE",FALSE
"gegeven","green","NL",TRUE
"aangedurfd","red","BE",TRUE
"gepakt","green","BE",FALSE
"gepakt","red","BE",TRUE
"achtergelaten","red","NL",TRUE
"opgeborgen","red","BE",TRUE
"afgekoeld","red","BE",TRUE
"geschoten","red","BE",TRUE
"vrijgelaten","red","BE",TRUE
"gevallen","red","BE",TRUE
"gestaan","red","NL",TRUE
"gestolen","red","BE",TRUE
"getrouwd","green","NL",FALSE
"geweest","red","BE",TRUE
"gegeven","green","NL",TRUE
"aangebracht","red","BE",TRUE
"gezien","green","BE",TRUE
"gespeeld","green","NL",TRUE
"gewonnen","green","BE",TRUE
"ingeburgerd","green","BE",TRUE
"gewonnen","green","BE",FALSE
"gedaan","red","NL",TRUE
"ontdekt","green","BE",TRUE
"opgestaan","red","NL",TRUE
"gekocht","red","BE",TRUE
"gezocht","red","NL",FALSE
"achtergelaten","red","BE",TRUE
"gezien","green","BE",FALSE
"gezien","red","BE",TRUE
"geholpen","green","NL",TRUE
"opgelopen","red","BE",TRUE
"meegemaakt","red","BE",FALSE
"vergeten","green","NL",FALSE
"afgestudeerd","green","BE",TRUE
"gebeld","green","BE",TRUE
"betaald","green","BE",FALSE
"geprobeerd","green","NL",FALSE
"gegeven","green","BE",TRUE
"aangeboden","red","BE",TRUE
"gewonnen","green","BE",TRUE
"betrokken","red","BE",TRUE
"verlost","green","NL",TRUE
"gewoond","green","BE",TRUE
"gemaakt","red","BE",TRUE
"uitgezeten","red","NL",TRUE
"geslikt","red","BE",TRUE
"aangevallen","red","BE",FALSE
"binnengekomen","green","BE",TRUE
"opgeruimd","red","BE",TRUE
"beschouwd","green","BE",TRUE
"ingestort","red","BE",TRUE
"gehouden","red","NL",TRUE
"geholpen","green","BE",TRUE
"blootgelegd","red","BE",FALSE
"geweten","red","NL",TRUE
"verteld","red","NL",TRUE
"gekregen","red","BE",TRUE
"geïnteresseerd","red","NL",TRUE
"geweest","red","NL",TRUE
"bereid","red","NL",TRUE
"gedaan","red","BE",TRUE
"afgekeerd","green","NL",TRUE
"meegewerkt","green","NL",FALSE
"gekomen","red","BE",TRUE
"gekozen","red","BE",TRUE
"gehad","red","BE",TRUE
"verkozen","green","BE",TRUE
"uitgepakt","red","NL",TRUE
"gemist","red","NL",TRUE
"gezien","green","BE",TRUE
"vermaakt","green","NL",FALSE
"ontdekt","red","BE",TRUE
"uitgezet","red","NL",TRUE
"gekomen","red","NL",TRUE
"gereageerd","red","NL",FALSE
"geworden","red","BE",TRUE
"gebeten","green","BE",TRUE
"gewonnen","red","NL",TRUE
"geweest","red","BE",TRUE
"gezien","green","BE",TRUE
"geworden","red","NL",TRUE
"geworden","red","NL",TRUE
"voorbereid","red","BE",TRUE
"geïntegreerd","green","BE",TRUE
"begonnen","red","NL",TRUE
"begonnen","green","BE",FALSE
"verdiend","green","BE",FALSE
"gegeven","red","BE",TRUE
"gehandeld","green","BE",TRUE
"gevonden","red","BE",TRUE
"verschuldigd","green","BE",TRUE
"gehad","red","NL",FALSE
"opgebeld","green","BE",TRUE
"ingesteld","red","NL",TRUE
"gekozen","red","BE",TRUE
"gezegd","red","NL",TRUE
"gespeld","green","BE",FALSE
"omgekocht","red","BE",TRUE
"gezien","red","NL",FALSE
"doorgetrokken","green","NL",TRUE
"versterkt","red","BE",TRUE
"verdoofd","green","NL",TRUE
"gezien","green","BE",TRUE
"geweest","red","NL",FALSE
"gevraagd","red","BE",TRUE
"gehad","red","BE",TRUE
"gemaakt","red","BE",TRUE
"vertrokken","red","BE",TRUE
"geweest","red","BE",TRUE
"gevonden","green","NL",TRUE
"bereikt","red","BE",TRUE
"vergeten","red","NL",TRUE
"gezien","red","BE",TRUE
"gemaakt","red","BE",TRUE
"genageld","red","NL",TRUE
"betaald","green","BE",TRUE
"verwacht","red","BE",TRUE
"verlopen","red","NL",TRUE
"gekend","green","BE",TRUE
"gebruikt","red","BE",TRUE
"gebruikt","green","BE",TRUE
"aangehouden","red","BE",TRUE
"gespeeld","green","BE",TRUE
"geflitst","green","BE",TRUE
"gegroeid","green","BE",TRUE
"geworden","green","BE",TRUE
"gehoopt","green","BE",TRUE
"gescheiden","red","BE",TRUE
"gehad","green","NL",FALSE
"gestolen","red","BE",TRUE
"gepasseerd","red","BE",TRUE
"gehad","red","BE",FALSE
"opgezet","green","BE",TRUE
"verboden","green","NL",TRUE
"geworden","red","BE",TRUE
"geweest","green","BE",FALSE
"begonnen","green","BE",FALSE
"gedraaid","green","BE",FALSE
"gezien","green","BE",TRUE
"getest","red","NL",TRUE
"gevraagd","red","BE",FALSE
"geslaagd","red","BE",TRUE
"opgeraapt","red","BE",TRUE
"opgevallen","red","NL",TRUE
"verdreven","red","NL",TRUE
"gestapt","red","NL",TRUE
"overleden","red","NL",TRUE
"geteld","green","BE",FALSE
"gegaan","red","NL",TRUE
"verdacht","green","BE",TRUE
"vastgesteld","red","NL",TRUE
"uitgerekend","red","NL",TRUE
"gekozen","red","NL",TRUE
"gebruikt","green","NL",FALSE
"gereden","green","BE",TRUE
"gesteld","red","NL",TRUE
"geraakt","red","BE",TRUE
"geërfd","green","BE",TRUE
"getekend","red","BE",TRUE
"gevolgd","green","BE",TRUE
"geweest","green","BE",TRUE
"gebeurd","green","BE",TRUE
"opgezet","red","BE",TRUE
"gevat","red","NL",TRUE
"gemaakt","red","NL",TRUE
"gedaan","red","BE",TRUE
"bekend","red","NL",TRUE
"vergeten","red","NL",TRUE
"vermoord","green","BE",TRUE
"gestorven","red","NL",TRUE
"geslapen","green","BE",TRUE
"gedacht","red","NL",TRUE
"ondernomen","red","BE",TRUE
"begonnen","green","BE",TRUE
"gedumpt","green","BE",FALSE
"gemaakt","red","NL",TRUE
"misbruikt","red","BE",TRUE
"geweten","green","BE",TRUE
"gestraft","green","NL",FALSE
"overleefd","red","NL",FALSE
"geleid","green","BE",TRUE
"ontgaan","green","BE",TRUE
"ondergaan","red","NL",TRUE
"vernederd","green","NL",TRUE
"gemarteld","red","NL",TRUE
"onteigend","red","BE",TRUE
"gemaakt","red","NL",TRUE
"gelegen","red","NL",TRUE
"vermoord","green","NL",TRUE
"gewonnen","green","BE",TRUE
"geweest","red","BE",TRUE
"gekomen","green","BE",TRUE
"gelopen","red","NL",TRUE
"meegekregen","red","BE",TRUE
"gezeten","red","NL",TRUE
"gemaakt","red","NL",TRUE
"geweest","red","NL",TRUE
"gezien","red","BE",TRUE
"gesteld","red","BE",TRUE
"afgerekend","red","BE",TRUE
"besmet","green","NL",TRUE
"gehad","red","NL",TRUE
"begeleid","green","BE",FALSE
"gezegd","red","BE",FALSE
"gemaakt","red","BE",TRUE
"gegaan","red","NL",TRUE
"vermoord","green","NL",TRUE
"gebracht","red","BE",TRUE
"geijverd","green","NL",TRUE
"verzonken","green","NL",TRUE
"gewonnen","green","NL",FALSE
"gemist","green","BE",TRUE
"gezegd","green","BE",TRUE
"gesproken","red","NL",TRUE
"genomen","red","NL",TRUE
"betaald","red","BE",TRUE
"gejaagd","red","NL",TRUE
"gehaald","red","BE",TRUE
"beslist","green","BE",TRUE
"ondervraagd","red","BE",TRUE
"gedacht","green","BE",TRUE
"gespeeld","green","BE",TRUE
"gelaten","red","BE",TRUE
"gemerkt","green","NL",TRUE
"ontslagen","green","BE",TRUE
"geweest","red","BE",TRUE
"teruggebracht","green","NL",TRUE
"aangekomen","green","BE",TRUE
"overgenomen","red","BE",TRUE
"gedaan","red","BE",TRUE
"gezien","red","BE",TRUE
"overkomen","red","NL",TRUE
"gekeken","green","BE",TRUE
"getest","green","BE",TRUE
"gevraagd","red","NL",TRUE
"gekregen","red","BE",TRUE
"gedaan","red","NL",TRUE
"achtergelaten","red","NL",TRUE
"gevraagd","green","BE",TRUE
"afgesloten","red","BE",TRUE
"bijgedragen","red","BE",TRUE
"vastgehouden","red","BE",TRUE
"gemaakt","red","NL",TRUE
"verzameld","red","NL",FALSE
"geweten","red","BE",TRUE
"overleden","red","NL",TRUE
"gemaakt","green","BE",FALSE
"geciteerd","green","BE",FALSE
"gezegd","green","NL",TRUE
"gezien","red","BE",TRUE
"ontmoet","red","NL",TRUE
"verklaard","red","BE",TRUE
"aangestoken","red","NL",TRUE
"gereden","red","BE",TRUE
"gekozen","red","NL",TRUE
"gesproken","red","BE",TRUE
"gemaakt","red","NL",TRUE
"gevonden","red","BE",FALSE
"verteld","green","NL",FALSE
"gehad","red","NL",TRUE
"geweest","red","NL",TRUE
"verlaten","green","BE",TRUE
"geïnformeerd","red","NL",TRUE
"geweest","red","BE",TRUE
"opgesteld","red","BE",TRUE
"gekomen","green","NL",FALSE
"gevonden","green","BE",TRUE
"gebleken","red","BE",TRUE
"gemerkt","red","NL",TRUE
"aangeklampt","red","BE",TRUE
"omringd","green","BE",TRUE
"gesmaakt","green","BE",TRUE
"gedownload","green","BE",FALSE
"geworden","green","BE",FALSE
"aangeslagen","red","BE",TRUE
"weggestuurd","red","NL",TRUE
"verteld","red","NL",TRUE
"gevoetbald","red","NL",TRUE
"geboren","green","BE",FALSE
"geraakt","red","BE",TRUE
"bevestigd","red","BE",TRUE
"gehaat","red","NL",TRUE
"gemeld","red","NL",TRUE
"gegroeid","red","BE",TRUE
"geformuleerd","green","NL",TRUE
"gedaan","red","BE",TRUE
"rondgeleid","red","NL",TRUE
"gezegd","red","NL",TRUE
"gevonden","red","BE",TRUE
"geperst","red","BE",TRUE
"gekomen","red","NL",TRUE
"gepraat","red","BE",TRUE
"gevonden","green","BE",TRUE
"gedaan","red","NL",TRUE
"overtuigd","red","BE",TRUE
"gewikkeld","green","BE",TRUE
"gescheiden","green","BE",TRUE
"verbeeld","red","BE",TRUE
"gestreden","red","NL",TRUE
"ontworpen","green","BE",TRUE
"geboren","green","NL",TRUE
"geselecteerd","green","BE",TRUE
"gevoerd","red","NL",TRUE
"gezien","red","BE",TRUE
"gecreëerd","red","BE",TRUE
"gestormd","red","BE",TRUE
"gegaan","red","NL",TRUE
"begrepen","red","NL",FALSE
"ondergaan","red","BE",TRUE
"verdrongen","red","NL",TRUE
"gemaakt","red","BE",FALSE
"doorgestoten","green","BE",TRUE
"geboren","green","BE",TRUE
"gewonnen","red","NL",TRUE
"gefilmd","red","BE",TRUE
"gestolen","red","NL",TRUE
"geobsedeerd","green","BE",TRUE
"gekregen","green","BE",TRUE
"begrepen","green","BE",TRUE
"beweerd","red","BE",FALSE
"gehad","red","NL",TRUE
"geïnformeerd","green","BE",TRUE
"gezeten","red","NL",TRUE
"gecontracteerd","green","NL",TRUE
"weggebracht","red","NL",TRUE
"gebracht","red","BE",TRUE
"gezet","red","BE",TRUE
"gestaan","red","NL",TRUE
"gegeven","red","NL",TRUE
"gedreven","red","BE",TRUE
"afgeremd","red","BE",TRUE
"overwogen","red","NL",TRUE
"meegevallen","red","BE",FALSE
"gekocht","red","BE",TRUE
"gezwegen","red","BE",TRUE
"gehouden","red","BE",TRUE
"gedaan","red","BE",TRUE
"gemaakt","red","NL",TRUE
"betaald","red","BE",TRUE
"beantwoord","red","BE",TRUE
"gesteld","green","BE",TRUE
"gepost","green","BE",FALSE
"gewonnen","green","BE",FALSE
"uitgebreid","green","NL",FALSE
"gevraagd","green","BE",TRUE
"begonnen","green","NL",TRUE
"geprobeerd","green","BE",TRUE
"geworden","red","NL",FALSE
"vermaakt","red","NL",TRUE
"gemaakt","red","BE",TRUE
"geweest","red","NL",TRUE
"genoemd","red","NL",TRUE
"vergoed","red","BE",TRUE
"uitgeput","red","BE",FALSE
"betrapt","green","BE",TRUE
"geweest","red","NL",TRUE
"bezocht","green","NL",TRUE
"onderschept","green","BE",TRUE
"volgehouden","green","NL",FALSE
"verloren","green","BE",FALSE
"begrepen","red","BE",TRUE
"beloofd","red","NL",TRUE
"gedirigeerd","green","BE",TRUE
"geweest","red","NL",TRUE
"gezien","green","NL",TRUE
"vertrokken","green","BE",FALSE
"gericht","red","NL",TRUE
"gekeken","red","NL",TRUE
"gebruikt","red","BE",TRUE
"tewerkgesteld","red","BE",TRUE
"afgelopen","green","NL",TRUE
"opgenomen","green","BE",TRUE
"gegeten","green","BE",TRUE
"geworden","red","BE",TRUE
"verteerd","green","BE",TRUE
"vertrokken","red","BE",TRUE
"gevoetbald","red","BE",TRUE
"gestopt","green","NL",TRUE
"opgebouwd","red","BE",TRUE
"gegeten","red","NL",TRUE
"gelezen","red","NL",FALSE
"ontvangen","red","NL",TRUE
"gedwongen","green","BE",TRUE
"vervangen","red","NL",TRUE
"geschreven","green","NL",TRUE
"voorbestemd","red","NL",TRUE
"gezegd","red","NL",TRUE
"geselecteerd","red","NL",TRUE
"vermoord","green","NL",TRUE
"geworden","red","BE",TRUE
"begrepen","red","NL",TRUE
"gegooid","red","NL",TRUE
"ontgoocheld","green","BE",TRUE
"verteld","red","NL",TRUE
"ondersteund","green","NL",TRUE
"gecontacteerd","green","BE",TRUE
"geslaagd","green","BE",TRUE
"geweest","red","BE",TRUE
"geraakt","red","BE",TRUE
"gegeven","red","BE",FALSE
"verloren","red","BE",TRUE
"ontdekt","red","BE",TRUE
"geraakt","red","BE",TRUE
"genoemd","green","BE",TRUE
"gemaakt","green","BE",FALSE
"voorbereid","red","NL",TRUE
"ingelaten","red","BE",TRUE
"gevonden","green","BE",TRUE
"geregeld","green","BE",TRUE
"opgeofferd","red","NL",TRUE
"ontvangen","green","NL",TRUE
"getrouwd","green","BE",TRUE
"ondergedompeld","red","NL",FALSE
"geholpen","green","BE",TRUE
"gered","red","BE",TRUE
"geworden","green","BE",FALSE
"gezien","green","NL",TRUE
"overleden","green","BE",TRUE
"genomen","red","BE",TRUE
"gereden","green","NL",TRUE
"uitgezet","red","NL",TRUE
"gekregen","red","NL",TRUE
"ingelicht","green","BE",TRUE
"afgeluisterd","red","NL",TRUE
"geworden","green","NL",TRUE
"aangevallen","green","BE",TRUE
"begonnen","green","BE",TRUE
"begrepen","green","NL",FALSE
"verwaarloosd","red","BE",TRUE
"gegaan","red","NL",FALSE
"opgevoerd","red","BE",TRUE
"bijgestaan","red","NL",TRUE
"overtuigd","red","BE",TRUE
"geplukt","red","BE",TRUE
"geweest","red","BE",TRUE
"gehad","red","NL",TRUE
"uitgelaten","red","BE",TRUE
"gehad","green","BE",TRUE
"beschuldigd","green","BE",TRUE
"gedaan","red","NL",TRUE
"opgesplitst","green","BE",TRUE
"bestudeerd","red","BE",FALSE
"gezegd","red","BE",TRUE
"gehad","red","NL",TRUE
"gesteld","red","NL",TRUE
"gevonden","green","BE",TRUE
"gevonden","red","BE",TRUE
"bevrijd","green","NL",TRUE
"ontvoerd","green","BE",TRUE
"gewild","red","NL",FALSE
"belaagd","red","BE",TRUE
"bewezen","green","BE",TRUE
"afgesloten","green","BE",TRUE
"gekend","red","NL",TRUE
"gesleept","red","NL",TRUE
"geleerd","red","BE",TRUE
"afgevoerd","green","BE",TRUE
"verzonnen","green","BE",TRUE
"gegaan","red","NL",TRUE
"gehad","red","BE",FALSE
"veroordeeld","green","BE",TRUE
"doorgevoerd","green","BE",TRUE
"geleerd","green","BE",FALSE
"geboren","red","NL",TRUE
"ervaren","red","NL",TRUE
"geopend","green","BE",TRUE
"gedaan","green","BE",TRUE
"gemaakt","red","NL",FALSE
"geworden","red","NL",FALSE
"gegroeid","green","BE",TRUE
"overwonnen","red","BE",TRUE
"vastgesteld","red","BE",TRUE
"verlaagd","red","BE",TRUE
"gehoord","green","BE",TRUE
"gesteld","red","NL",TRUE
"gevonden","green","NL",TRUE
"geweest","red","BE",TRUE
"gereden","green","BE",TRUE
"opgebouwd","green","BE",TRUE
"teleurgesteld","green","NL",TRUE
"genoemd","red","BE",TRUE
"gewild","red","NL",TRUE
"gezet","red","BE",TRUE
"gevraagd","green","BE",TRUE
"betaald","green","BE",TRUE
"gewoond","red","NL",TRUE
"verweten","red","BE",TRUE
"genoten","green","NL",FALSE
"gesprongen","red","NL",TRUE
"gekomen","green","BE",TRUE
"vergeten","green","BE",TRUE
"gedaan","red","BE",TRUE
"betaald","red","NL",TRUE
"gekwetst","green","BE",FALSE
"gevolgd","green","BE",TRUE
"gewacht","red","BE",TRUE
"vergist","red","NL",TRUE
"vermoord","red","NL",TRUE
"afgebroken","green","BE",TRUE
"bedrogen","green","NL",TRUE
"uitgeloot","green","BE",TRUE
"gedaan","red","BE",TRUE
"gehoord","red","BE",FALSE
"aangeraakt","red","BE",TRUE
"geacht","green","BE",TRUE
"gehad","red","BE",TRUE
"gekocht","green","BE",FALSE
"gehad","red","BE",TRUE
"gevolgd","red","NL",TRUE
"opgenomen","red","BE",TRUE
"erkend","green","BE",TRUE
"besneden","green","NL",TRUE
"gewend","green","BE",TRUE
"ervaren","red","BE",TRUE
"vermoord","green","NL",TRUE
"vrijgesproken","green","BE",TRUE
"overgestapt","red","BE",TRUE
"overgeschakeld","green","BE",TRUE
"gevonden","red","NL",TRUE
"opgeslagen","red","NL",TRUE
"gehoord","red","NL",TRUE
"toegekomen","red","NL",TRUE
"gedaan","red","BE",TRUE
"gegooid","red","BE",TRUE
"ontworpen","green","NL",TRUE
"bedoeld","green","BE",TRUE
"aangetroffen","red","BE",TRUE
"beslist","red","BE",TRUE
"ingeënt","red","NL",TRUE
"gebaseerd","red","NL",TRUE
"achtergelaten","red","BE",TRUE
"gestalkt","green","BE",TRUE
"verondersteld","green","BE",TRUE
"gehad","red","NL",TRUE
"geregeld","red","BE",TRUE
"tegengekomen","red","BE",TRUE
"gedaan","red","NL",TRUE
"gedaan","green","BE",TRUE
"gedaan","green","BE",TRUE
"opgenomen","red","BE",TRUE
"getrouwd","green","BE",TRUE
"ingebroken","red","NL",TRUE
"verloren","green","BE",TRUE
"ontspannen","green","BE",TRUE
"gewonnen","green","BE",TRUE
"geweest","red","BE",TRUE
"gesteld","red","BE",TRUE
"begonnen","green","BE",FALSE
"uitgevoerd","red","BE",TRUE
"gevat","red","BE",TRUE
"gewonnen","green","BE",TRUE
"geworden","red","NL",TRUE
"gebracht","green","NL",TRUE
"gedwongen","green","BE",TRUE
"gekeken","green","BE",TRUE
"getrokken","red","BE",TRUE
"uitgespeeld","red","NL",TRUE
"geleerd","green","BE",TRUE
"gehad","red","BE",TRUE
"gewonnen","green","NL",TRUE
"geweest","red","NL",TRUE
"gehad","red","BE",TRUE
"veranderd","green","BE",FALSE
"getrouwd","green","NL",TRUE
"gegrepen","red","BE",TRUE
"verdacht","red","BE",TRUE
"verloren","red","NL",TRUE
"gewacht","red","BE",TRUE
"gelopen","red","NL",TRUE
"betaald","green","BE",TRUE
"gebruikt","red","BE",TRUE
"ingegaan","red","BE",TRUE
"gemerkt","green","BE",FALSE
"gegeten","red","BE",FALSE
"geweest","red","NL",TRUE
"gebracht","green","NL",TRUE
"gedraaid","red","NL",TRUE
"gebruikt","red","NL",TRUE
"gewonnen","red","NL",TRUE
"opgenomen","green","BE",TRUE
"betaald","red","BE",TRUE
"geworden","red","NL",TRUE
"gezegd","red","NL",TRUE
"afgehandeld","red","NL",TRUE
"genomen","red","BE",TRUE
"opgebouwd","green","BE",TRUE
"samengesteld","green","BE",TRUE
"beslist","green","BE",TRUE
"gedronken","green","BE",TRUE
"aangekondigd","green","BE",TRUE
"overreden","green","BE",TRUE
"begonnen","red","NL",TRUE
"gebracht","red","BE",TRUE
"gearresteerd","green","BE",TRUE
"geraakt","red","NL",TRUE
"gedaan","green","NL",FALSE
"geworden","red","BE",TRUE
"gebeurd","green","BE",FALSE
"geboren","green","NL",TRUE
"geregeld","red","NL",FALSE
"gewonnen","red","BE",TRUE
"gedaan","red","NL",TRUE
"geweigerd","green","BE",TRUE
"aangegeven","red","BE",TRUE
"gelukt","green","NL",FALSE
"genomen","red","NL",TRUE
"genegeerd","green","BE",FALSE
"opgezogen","red","BE",TRUE
"gevraagd","green","BE",FALSE
"genomen","red","NL",FALSE
"gezet","red","BE",TRUE
"bepaald","green","BE",TRUE
"ontmoet","green","BE",TRUE
"ontvangen","red","BE",TRUE
"verleend","red","NL",TRUE
"vermoord","red","BE",TRUE
"getrouwd","green","BE",TRUE
"gepleegd","red","BE",TRUE
"beschreven","red","NL",TRUE
"geworden","red","NL",FALSE
"gesneden","green","NL",FALSE
"gezegd","red","BE",TRUE
"gegaan","red","NL",TRUE
"begaan","red","BE",TRUE
"nageleefd","red","BE",TRUE
"gelezen","red","NL",FALSE
"bespaard","red","BE",TRUE
"gehaald","green","BE",TRUE
"opgezet","green","BE",TRUE
"aangesproken","red","BE",TRUE
"gesaboteerd","red","BE",TRUE
"erkend","red","NL",TRUE
"gereageerd","green","BE",TRUE
"misleid","red","NL",TRUE
"geregeld","red","NL",TRUE
"gewenst","green","BE",TRUE
"gemist","red","BE",TRUE
"weggelegd","red","BE",TRUE
"gemanipuleerd","red","NL",TRUE
"gebracht","red","BE",TRUE
"geworden","red","BE",TRUE
"gedaan","red","NL",TRUE
"geduld","green","BE",TRUE
"gesteld","red","NL",TRUE
"gedaan","red","NL",TRUE
"meegegeven","red","BE",TRUE
"gearresteerd","red","BE",TRUE
"verkozen","green","BE",TRUE
"aangeraden","red","BE",TRUE
"ontvangen","red","NL",TRUE
"verkocht","red","BE",TRUE
"gedaan","green","NL",TRUE
"gewend","green","BE",TRUE
"opgedaan","red","NL",TRUE
"opgeworpen","red","NL",TRUE
"geadopteerd","red","NL",TRUE
"gegund","red","BE",TRUE
"gezegd","green","NL",TRUE
"gericht","green","BE",TRUE
"gemist","red","BE",TRUE
"opgewacht","red","BE",TRUE
"gelezen","red","NL",TRUE
"gedaan","red","BE",TRUE
"bevallen","red","NL",TRUE
"misdaan","green","BE",TRUE
"gecoverd","red","BE",TRUE
"binnengevallen","red","BE",FALSE
"gekregen","red","NL",TRUE
"bekeken","green","BE",TRUE
"gegeten","red","NL",TRUE
"gezien","red","NL",TRUE
"geweest","red","NL",TRUE
"gekregen","green","NL",TRUE
"beslist","green","NL",TRUE
"getrouwd","green","NL",TRUE
"gehoord","red","NL",TRUE
"uitgehaald","red","NL",FALSE
"geleerd","red","NL",TRUE
"gerekend","red","NL",TRUE
"gedaan","red","NL",TRUE
"bekend","green","NL",TRUE
"gevonden","red","NL",TRUE
"getrokken","red","BE",TRUE
"gegeven","red","NL",TRUE
"geschoten","red","NL",TRUE
"gevallen","red","BE",TRUE
"genomen","red","BE",TRUE
"geregeerd","green","BE",TRUE
"getwijfeld","red","NL",TRUE
"gered","red","NL",TRUE
"gekregen","red","BE",TRUE
"geholpen","red","BE",TRUE
"gedaan","green","BE",TRUE
"beschuldigd","red","BE",TRUE
"aanvaard","green","BE",TRUE
"gebracht","green","BE",TRUE
"gebleven","red","NL",TRUE
"gewassen","red","BE",TRUE
"neergelegd","red","NL",TRUE
"opgezet","red","NL",FALSE
"gebleven","green","BE",TRUE
"gelegen","red","NL",TRUE
"opgeruimd","green","BE",TRUE
"gekocht","red","BE",TRUE
"vastgesteld","red","BE",TRUE
"betoond","red","BE",TRUE
"opgepakt","red","BE",TRUE
"gekend","green","BE",TRUE
"gekregen","red","BE",TRUE
"gearresteerd","red","BE",TRUE
"geleid","red","NL",TRUE
"gehoord","red","NL",TRUE
"beschuldigd","green","BE",FALSE
"gezondigd","green","NL",TRUE
"gemaakt","green","BE",TRUE
"verklaard","red","BE",TRUE
"geschoten","green","NL",TRUE
"gedaan","red","NL",TRUE
"verwelkomd","green","BE",TRUE
"gekregen","red","BE",TRUE
"gemist","green","BE",TRUE
"verboden","green","BE",TRUE
"verstoten","green","BE",TRUE
"gebeurd","red","NL",TRUE
"gehanteerd","red","NL",TRUE
"geloofd","red","NL",TRUE
"gemaakt","red","BE",FALSE
"gemaakt","red","BE",TRUE
"opgelopen","red","BE",TRUE
"getrouwd","green","NL",TRUE
"ondernomen","green","BE",TRUE
"binnengestapt","green","BE",TRUE
"gemaakt","red","NL",TRUE
"omringd","green","BE",TRUE
"geweest","red","NL",FALSE
"gelogen","green","BE",TRUE
"gestaan","red","NL",FALSE
"gestorven","red","NL",TRUE
"geslagen","red","BE",TRUE
"genoemd","red","NL",TRUE
"gevonden","red","NL",TRUE
"opgepakt","red","BE",TRUE
"aangesproken","red","BE",TRUE
"gepland","green","BE",TRUE
"uitgesteld","green","BE",TRUE
"gemaakt","red","BE",TRUE
"gegund","red","NL",TRUE
"geannuleerd","red","BE",TRUE
"opgemaakt","red","BE",TRUE
"gekozen","green","BE",TRUE
"geweest","red","BE",TRUE
"gewekt","red","NL",FALSE
"gemaakt","red","NL",TRUE
"verlost","green","BE",FALSE
"getrapt","red","BE",TRUE
"gezegd","red","NL",TRUE
"vastgehouden","red","NL",TRUE
"bedacht","red","BE",TRUE
"gespeeld","red","NL",TRUE
"ontvangen","red","NL",TRUE
"ontslagen","red","NL",TRUE
"vastgebonden","green","BE",TRUE
"geweest","red","BE",FALSE
"gegeven","red","NL",TRUE
"genaderd","red","NL",TRUE
"uitgetrokken","red","NL",TRUE
"opgetrommeld","red","BE",TRUE
"gezien","green","BE",FALSE
"opgebiecht","green","BE",TRUE
"vermoord","red","NL",TRUE
"gekocht","red","BE",TRUE
"geschrokken","red","NL",TRUE
"geschapen","green","BE",FALSE
"geduwd","red","BE",TRUE
"gebruikt","green","NL",TRUE
"gezien","red","NL",TRUE
"gewonnen","green","BE",FALSE
"gemaakt","red","BE",FALSE
"verloren","green","BE",TRUE
"vergeleken","green","BE",TRUE
"genoten","red","NL",TRUE
"gebeurd","red","NL",TRUE
"verteld","green","BE",TRUE
"gezien","red","BE",TRUE
"begonnen","green","BE",TRUE
"geschoven","red","NL",TRUE
"betrapt","green","BE",TRUE
"aangesloten","green","BE",TRUE
"gebroken","green","BE",TRUE
"gestuit","green","NL",TRUE
"gewezen","green","NL",TRUE
"geslagen","red","BE",TRUE
"bemind","red","NL",TRUE
"geweest","red","BE",FALSE
"gebruikt","red","BE",TRUE
"gezien","red","BE",TRUE
"gebeld","red","BE",TRUE
"verloren","red","NL",TRUE
"ondervraagd","red","BE",TRUE
"gevat","red","BE",TRUE
"gebotst","red","BE",TRUE
"opgepakt","red","BE",TRUE
"gegaan","red","NL",TRUE
"gevonden","green","NL",TRUE
"genoemd","red","BE",TRUE
"hersteld","green","BE",TRUE
"geplaatst","red","BE",TRUE
"gedaan","red","BE",TRUE
"aangehouden","red","BE",TRUE
"gestoken","green","NL",TRUE
"onthouden","green","BE",TRUE
"opgestapt","green","BE",TRUE
"vernomen","red","NL",TRUE
"weggestuurd","red","NL",TRUE
"gehad","red","BE",TRUE
"gekregen","red","NL",TRUE
"gesteld","red","NL",TRUE
"verteld","red","NL",TRUE
"uitgevoerd","green","BE",TRUE
"verschuldigd","green","BE",TRUE
"gegaan","red","BE",TRUE
"geweest","red","NL",TRUE
"geslaagd","green","BE",TRUE
"losgelaten","red","BE",TRUE
"gezien","green","BE",FALSE
"gelegen","red","BE",TRUE
"overkomen","red","NL",TRUE
"geschonken","green","NL",TRUE
"omgekeerd","green","NL",FALSE
"geweest","green","BE",TRUE
"aangezet","red","NL",TRUE
"ontmoet","green","BE",TRUE
"omgekeerd","green","BE",TRUE
"gedaan","green","BE",TRUE
"gelopen","red","BE",TRUE
"verkozen","red","BE",TRUE
"gezien","red","BE",TRUE
"gehouden","green","BE",TRUE
"doorgevoerd","red","BE",TRUE
"verankerd","green","BE",TRUE
"gesproken","red","NL",TRUE
"aangewezen","red","NL",TRUE
"gerelateerd","red","NL",TRUE
"verdwaald","green","BE",TRUE
"geweest","green","NL",TRUE
"verkocht","red","BE",TRUE
"toegegeven","red","BE",TRUE
"getrouwd","green","NL",TRUE
"geweest","red","NL",TRUE
"betrokken","red","BE",TRUE
"opgepakt","red","BE",FALSE
"bepaald","red","NL",TRUE
"aangezien","red","NL",TRUE
"opgeroepen","red","BE",TRUE
"gevist","green","BE",TRUE
"gedwongen","green","BE",TRUE
"verteld","red","BE",TRUE
"misdragen","green","BE",TRUE
"gegeten","green","NL",TRUE
"gewaarschuwd","green","NL",FALSE
"gedaan","red","BE",TRUE
"gezien","green","BE",TRUE
"opgezadeld","red","BE",FALSE
"neergeschoten","red","NL",TRUE
"gegeven","red","BE",TRUE
"gegeten","red","BE",FALSE
"genoemd","red","BE",TRUE
"beschouwd","red","NL",TRUE
"geworpen","red","NL",TRUE
"ontgroeid","green","BE",TRUE
"gebeurd","red","BE",TRUE
"gedaan","green","BE",TRUE
"gebeurd","red","NL",TRUE
"gezien","red","BE",TRUE
"gekomen","red","NL",TRUE
"ingejaagd","red","BE",TRUE
"vervoerd","red","NL",TRUE
"beland","red","BE",TRUE
"gepakt","green","BE",TRUE
"gearresteerd","red","BE",TRUE
"terechtgewezen","green","BE",TRUE
"gedroomd","green","BE",TRUE
"gezegd","green","BE",TRUE
"ondervraagd","red","BE",TRUE
"omringd","green","BE",TRUE
"voorgeschreven","red","BE",TRUE
"geweest","red","BE",TRUE
"bereikt","red","NL",TRUE
"gezien","green","NL",TRUE
"veroordeeld","green","BE",TRUE
"gebeld","green","BE",FALSE
"gevraagd","red","NL",TRUE
"gezegd","red","BE",TRUE
"gegeven","red","NL",FALSE
"aangemeld","green","BE",TRUE
"geweest","red","NL",TRUE
"gehad","green","BE",TRUE
"doorgezet","red","NL",FALSE
"bereikt","red","NL",TRUE
"gehouden","red","BE",TRUE
"gecontacteerd","green","BE",TRUE
"verklaard","red","BE",TRUE
"gedraaid","red","NL",TRUE
"geweest","red","BE",TRUE
"geleerd","green","BE",FALSE
"georganiseerd","green","BE",TRUE
"getekend","red","NL",TRUE
"gevonden","green","BE",TRUE
"getest","green","NL",FALSE
"gevallen","red","NL",TRUE
"gedaan","green","NL",TRUE
"verdacht","green","NL",TRUE
"gekregen","red","BE",TRUE
"afgesproken","red","NL",TRUE
"verzonnen","green","BE",FALSE
"gekregen","red","NL",TRUE
"genomen","red","BE",TRUE
"gedaan","green","BE",TRUE
"doodgeschoten","red","BE",TRUE
"verweten","red","NL",TRUE
"verstrekt","red","NL",TRUE
"overtuigd","green","BE",FALSE
"gegeven","red","NL",TRUE
"gekregen","red","NL",TRUE
"genoemd","red","NL",TRUE
"ontslagen","green","BE",TRUE
"gezien","green","BE",TRUE
"gevraagd","green","BE",TRUE
"geboren","green","BE",TRUE
"gesteld","red","NL",TRUE
"gedomineerd","red","NL",TRUE
"gewerkt","red","BE",TRUE
"overleden","red","BE",TRUE
"gereden","red","BE",TRUE
"gemist","red","BE",TRUE
"opgepakt","red","BE",TRUE
"gesteld","green","NL",TRUE
"gedaan","red","BE",FALSE
"geweten","red","BE",TRUE
"schoongemaakt","red","BE",TRUE
"gevraagd","red","NL",TRUE
"beloofd","green","NL",TRUE
"geëmigreerd","red","NL",TRUE
"afgeschilderd","red","NL",TRUE
"geworden","red","BE",TRUE
"gewerkt","red","BE",TRUE
"verloren","red","NL",TRUE
"aangekomen","green","BE",TRUE
"getoetst","red","BE",TRUE
"gedirigeerd","red","NL",TRUE
"betrokken","green","BE",TRUE
"veroordeeld","red","NL",TRUE
"geraakt","red","NL",TRUE
"gebracht","red","BE",TRUE
"beschouwd","red","BE",TRUE
"gegijzeld","red","BE",TRUE
"gebruikt","red","BE",TRUE
"opgerold","red","BE",TRUE
"begrepen","green","NL",FALSE
"benaderd","red","NL",FALSE
"geconfronteerd","green","BE",TRUE
"verlost","green","BE",TRUE
"geregeerd","red","BE",TRUE
"uitgenodigd","green","BE",TRUE
"gezakt","red","NL",TRUE
"gedaan","red","BE",FALSE
"getrouwd","green","BE",TRUE
"aangeschaft","green","BE",TRUE
"ontgoocheld","green","BE",TRUE
"opgesteld","green","BE",TRUE
"onthoofd","green","BE",TRUE
"genomen","green","BE",TRUE
"uitgeleverd","green","BE",TRUE
"vergeten","green","BE",TRUE
"teruggezet","green","BE",TRUE
"uitgevoerd","red","BE",TRUE
"gemaakt","green","NL",TRUE
"gefascineerd","green","NL",TRUE
"gebeurd","red","NL",TRUE
"gesmeerd","green","BE",TRUE
"gezwegen","red","NL",TRUE
"verkozen","green","BE",TRUE
"gestart","green","BE",TRUE
"gespeeld","red","BE",FALSE
"genesteld","red","NL",TRUE
"begeven","red","NL",TRUE
"ondernomen","red","BE",TRUE
"voldaan","red","NL",TRUE
"overvallen","red","NL",TRUE
"geclaimd","green","BE",TRUE
"gedaan","green","NL",TRUE
"vergeten","red","BE",TRUE
"gered","red","NL",TRUE
"afgeschaft","red","BE",TRUE
"gehad","red","BE",TRUE
"uitgedroogd","green","NL",TRUE
"geregend","green","BE",TRUE
"gewerkt","green","BE",TRUE
"vermagerd","green","BE",FALSE
"aangestoken","green","NL",FALSE
"afgewerkt","green","BE",TRUE
"opgezocht","red","NL",TRUE
"verkracht","green","BE",FALSE
"onderbroken","red","NL",TRUE
"gelegen","red","BE",TRUE
"gepleegd","red","BE",TRUE
"verloren","red","NL",TRUE
"gehad","green","BE",TRUE
"behandeld","red","BE",TRUE
"genomen","red","BE",TRUE
"gedaan","green","BE",TRUE
"begaan","red","BE",TRUE
"genegeerd","red","BE",TRUE
"opgeladen","green","NL",FALSE
"gekund","red","NL",TRUE
"geweest","green","NL",FALSE
"bekend","red","NL",TRUE
"gevraagd","red","NL",TRUE
"beledigd","green","BE",TRUE
"gevat","green","BE",FALSE
"bezweken","red","NL",TRUE
"gelopen","red","BE",TRUE
"gehaald","red","NL",TRUE
"gevoeld","red","BE",TRUE
"gevonden","green","BE",FALSE
"gewerkt","green","BE",TRUE
"gedacht","green","BE",TRUE
"gericht","red","BE",TRUE
"geworden","red","NL",TRUE
"gekost","red","BE",TRUE
"verergerd","green","BE",TRUE
"gezaaid","green","BE",FALSE
"uitgesproken","red","BE",TRUE
"geflitst","green","BE",TRUE
"gebeurd","green","BE",FALSE
"geschaatst","red","BE",TRUE
"gezegd","red","BE",TRUE
"geweest","red","BE",TRUE
"verteld","green","BE",FALSE
"geleerd","green","BE",TRUE
"gewoond","red","NL",TRUE
"gezien","red","NL",TRUE
"vergist","red","NL",TRUE
"gedaan","red","BE",TRUE
"gegeten","green","BE",TRUE
"ontwikkeld","green","NL",FALSE
"betaald","red","NL",TRUE
"gedacht","green","BE",TRUE
"herinnerd","red","NL",TRUE
"gevormd","green","BE",TRUE
"verduisterd","red","NL",TRUE
"genomen","red","BE",TRUE
"gekeken","red","BE",TRUE
"geflitst","green","BE",TRUE
"gehandeld","red","BE",TRUE
"gedaan","green","BE",FALSE
"aangekomen","red","NL",FALSE
"geplast","red","NL",FALSE
"gekregen","red","NL",TRUE
"gevoeld","red","NL",TRUE
"gegeven","red","BE",TRUE
"gestuurd","red","NL",FALSE
"gevraagd","red","BE",TRUE
"veranderd","red","NL",TRUE
"gestolen","red","NL",TRUE
"aanbeland","red","BE",TRUE
"teleurgesteld","green","NL",FALSE
"gezeten","red","BE",TRUE
"gehad","red","NL",TRUE
"gegaan","red","BE",TRUE
"overleefd","red","NL",TRUE
"gemaakt","red","BE",TRUE
"gedaan","red","NL",TRUE
"geaccepteerd","green","NL",FALSE
"gereanimeerd","red","BE",TRUE
"opgeslorpt","red","BE",TRUE
"overgelaten","green","BE",TRUE
"verlaten","red","NL",TRUE
"gedaan","red","NL",TRUE
"geblesseerd","green","NL",TRUE
"gehandeld","red","NL",TRUE
"ontdekt","red","BE",TRUE
"geweest","green","NL",TRUE
"gescheiden","green","NL",FALSE
"gebeurd","red","BE",FALSE
"gedaan","green","BE",TRUE
"gemaakt","red","NL",TRUE
"ingenomen","red","BE",TRUE
"gemist","red","NL",FALSE
"gehad","green","BE",FALSE
"gewild","green","BE",TRUE
"verkozen","red","NL",TRUE
"ontkend","red","BE",TRUE
"gevangen","red","NL",TRUE
"voltooid","green","BE",TRUE
"beïnvloed","green","BE",FALSE
"gezien","red","NL",TRUE
"besloten","green","BE",TRUE
"gedronken","red","BE",TRUE
"toegelaten","red","BE",TRUE
"ontmoet","red","BE",FALSE
"gesteld","red","NL",TRUE
"beslist","red","NL",TRUE
"bijgekomen","red","BE",TRUE
"opgenomen","red","NL",TRUE
"uitgewerkt","green","BE",TRUE
"begonnen","red","BE",TRUE
"beraamd","green","BE",TRUE
"terechtgekomen","green","BE",TRUE
"gekozen","green","BE",TRUE
"gekocht","red","NL",TRUE
"bekeken","green","BE",TRUE
"gevallen","red","BE",TRUE
"aangesloten","red","BE",TRUE
"gegrepen","green","BE",TRUE
"gebleven","red","BE",TRUE
"doorgestuurd","red","BE",TRUE
"opgebouwd","red","BE",TRUE
"aangesproken","red","NL",TRUE
"gezien","red","BE",FALSE
"geadopteerd","green","BE",FALSE
"gevonden","green","BE",TRUE
"gestemd","green","BE",FALSE
"goedgekeurd","red","NL",TRUE
"afgelopen","red","NL",TRUE
"genoemd","red","BE",TRUE
"geslapen","red","NL",TRUE
"gepleegd","red","BE",TRUE
"geboren","green","NL",TRUE
"gescheiden","green","NL",FALSE
"opgepakt","red","BE",TRUE
"gepolst","red","NL",TRUE
"bevestigd","red","BE",TRUE
"geïnformeerd","green","BE",TRUE
"gestort","green","BE",TRUE
"ingediend","red","BE",TRUE
"gehad","red","NL",TRUE
"geoordeeld","green","BE",TRUE
"gewonnen","green","BE",TRUE
"ingezet","red","NL",TRUE
"gewerkt","red","BE",TRUE
"vervoerd","red","NL",TRUE
"gegaan","red","NL",FALSE
"gestuurd","red","NL",TRUE
"opgeroepen","red","BE",TRUE
"gesproken","red","BE",TRUE
"wijsgemaakt","red","BE",FALSE
"georganiseerd","red","BE",TRUE
"gehoord","green","BE",TRUE
"gelukt","green","BE",TRUE
"geopend","green","BE",TRUE
"gedood","red","NL",TRUE
"geschreven","red","BE",TRUE
"geleverd","red","BE",TRUE
"gezegd","green","NL",TRUE
"bekend","red","NL",TRUE
"geraakt","red","BE",TRUE
"geweten","green","BE",TRUE
"vermoord","red","BE",TRUE
"uitgekozen","red","BE",FALSE
"afgegeven","red","NL",TRUE
"uitgemaakt","red","BE",FALSE
"gecompenseerd","green","BE",FALSE
"gekregen","red","NL",TRUE
"nagedacht","red","NL",TRUE
"geprobeerd","red","NL",TRUE
"geworden","green","BE",FALSE
"afgewezen","red","NL",TRUE
"geïnformeerd","red","BE",TRUE
"gedacht","green","BE",TRUE
"geleefd","red","BE",TRUE
"voortgebracht","red","NL",TRUE
"gekweekt","green","BE",TRUE
"gedaan","green","NL",TRUE
"geweest","green","BE",FALSE
"afgeraden","red","NL",TRUE
"gezien","red","NL",TRUE
"begonnen","green","BE",TRUE
"gemaakt","red","BE",TRUE
"genezen","green","BE",FALSE
"geluisterd","red","NL",TRUE
"gezien","red","NL",TRUE
"verbouwd","red","BE",TRUE
"vergeleken","red","NL",TRUE
"overtreden","red","NL",TRUE
"verdeeld","green","BE",TRUE
"opgemerkt","red","NL",TRUE
"gereden","red","BE",TRUE
"bewezen","green","BE",TRUE
"vastgebonden","red","NL",TRUE
"afgelegd","red","NL",FALSE
"benieuwd","red","NL",FALSE
"aangetoond","red","BE",TRUE
"gesteund","green","BE",TRUE
"gedwongen","red","NL",TRUE
"gekregen","red","BE",TRUE
"verloren","green","NL",TRUE
"verloren","green","BE",TRUE
"meegemaakt","red","NL",TRUE
"gevreesd","green","BE",FALSE
"verteld","green","NL",FALSE
"geschokt","green","BE",TRUE
"gebruikt","green","BE",TRUE
"gegroeid","green","BE",TRUE
"gestaan","green","BE",TRUE
"verwoest","green","NL",TRUE
"afgedrukt","green","BE",TRUE
"gegeten","green","BE",TRUE
"gesproken","red","NL",FALSE
"verwacht","red","BE",TRUE
"vergist","green","BE",TRUE
"gezegd","red","NL",TRUE
"gesteund","red","NL",TRUE
"gehad","red","BE",TRUE
"doorgebracht","red","BE",TRUE
"afgedaan","red","BE",TRUE
"gevolgd","red","BE",TRUE
"gepakt","green","BE",TRUE
"verwacht","red","BE",TRUE
"geworden","green","NL",TRUE
"verwacht","red","BE",TRUE
"aangegrepen","red","NL",FALSE
"gehad","red","NL",TRUE
"gegaan","red","NL",TRUE
"geslapen","red","NL",FALSE
"geïnteresseerd","red","NL",TRUE
"vergeten","red","NL",FALSE
"ingelicht","red","BE",TRUE
"gespaard","green","NL",TRUE
"gevoetbald","red","BE",TRUE
"beloofd","green","NL",TRUE
"opgejaagd","green","BE",TRUE
"gemaakt","red","NL",TRUE
"gezegd","green","NL",FALSE
"uitbesteed","red","BE",TRUE
"aangedaan","green","BE",FALSE
"vastgehouden","red","NL",TRUE
"gehad","red","BE",FALSE
"gekomen","red","NL",TRUE
"gevonden","red","NL",TRUE
"beschoten","green","BE",TRUE
"vermeld","red","BE",TRUE
"verrast","red","NL",TRUE
"gestuurd","red","BE",TRUE
"gemaakt","red","BE",TRUE
"geknoeid","green","BE",TRUE
"overleden","red","BE",TRUE
"bezeten","red","NL",TRUE
"gefilmd","green","BE",TRUE
"gehaald","red","NL",TRUE
"terechtgekomen","green","BE",TRUE
"uitgegroeid","red","BE",TRUE
"gehad","green","BE",FALSE
"gezocht","green","BE",TRUE
"vertoond","red","BE",TRUE
"geraakt","red","BE",TRUE
"gemunt","red","NL",TRUE
"geweest","red","NL",TRUE
"opgelost","green","BE",TRUE
"gemerkt","green","BE",FALSE
"gereden","red","NL",TRUE
"gekregen","green","NL",TRUE
"overleden","red","NL",TRUE
"gestoord","red","BE",TRUE
"gekregen","red","NL",TRUE
"gehoopt","red","NL",TRUE
"gekomen","green","NL",TRUE
"gestoten","green","BE",FALSE
"gedaan","red","NL",TRUE
"verklaard","red","BE",FALSE
"geweest","red","NL",TRUE
"voorgesteld","red","BE",TRUE
"opgelost","green","BE",TRUE
"ontwaakt","red","NL",TRUE
"gevlogen","red","BE",TRUE
"overvallen","red","BE",TRUE
"behandeld","green","BE",TRUE
"gedaan","red","BE",TRUE
"gedacht","red","BE",TRUE
"geschreven","green","BE",TRUE
"geworden","green","NL",FALSE
"genezen","red","BE",TRUE
"gemaakt","red","NL",TRUE
"gekozen","red","BE",TRUE
"geschrapt","red","NL",TRUE
"gebracht","red","NL",TRUE
"ingeschat","red","BE",TRUE
"aangekomen","red","BE",TRUE
"toegedaan","red","NL",TRUE
"geraakt","green","BE",TRUE
"geworden","red","NL",TRUE
"doodgestoken","red","BE",TRUE
"opgebouwd","red","BE",TRUE
"gebroken","green","BE",TRUE
"tegengehouden","red","BE",TRUE
"bekend","red","NL",TRUE
"geweest","red","NL",TRUE
"geweest","red","BE",TRUE
"gekregen","red","NL",TRUE
"aangegeven","red","BE",TRUE
"veroordeeld","green","BE",FALSE
"geplaatst","green","NL",FALSE
"gekomen","red","NL",TRUE
"afgeweken","red","NL",TRUE
"meegemaakt","red","NL",TRUE
"gemist","red","BE",TRUE
"gehaald","red","BE",TRUE
"genomen","red","NL",TRUE
"gewonnen","red","NL",TRUE
"omgedraaid","green","BE",TRUE
"gesneden","green","BE",TRUE
"behaald","red","BE",TRUE
"verdeeld","green","BE",TRUE
"gezegd","red","NL",TRUE
"begonnen","red","BE",TRUE
"gehuild","green","NL",TRUE
"verworven","red","NL",TRUE
"gehad","red","NL",TRUE
"geholpen","red","BE",TRUE
"gedacht","red","NL",TRUE
"ontmoet","green","BE",TRUE
"beloofd","red","BE",TRUE
"gezeten","red","BE",TRUE
"betrapt","red","BE",TRUE
"begrepen","red","NL",TRUE
"verloren","green","NL",TRUE
"gemaakt","green","NL",TRUE
"gegeven","red","NL",FALSE
"onderzocht","red","NL",TRUE
"gezet","red","NL",TRUE
"binnengekomen","red","NL",TRUE
"gekomen","red","BE",TRUE
"geworden","green","NL",TRUE
"tegengehouden","red","BE",TRUE
"gekregen","red","BE",TRUE
"gezien","green","NL",TRUE
"gedacht","green","BE",TRUE
"afgepakt","green","BE",TRUE
"gespeeld","red","NL",TRUE
"meegenomen","green","NL",TRUE
"afgelost","green","BE",TRUE
"geweest","green","BE",TRUE
"opgemerkt","red","BE",FALSE
"gebeurd","green","BE",TRUE
"meegedaan","red","NL",TRUE
"gedaan","red","BE",TRUE
"vervuld","green","BE",TRUE
"veroordeeld","green","BE",TRUE
"gekomen","red","BE",FALSE
"gebeurd","green","BE",TRUE
"gezet","red","NL",FALSE
"geslaagd","green","BE",TRUE
"afgesproken","red","NL",TRUE
"opgepakt","red","BE",TRUE
"ingericht","red","BE",TRUE
"verpletterd","red","NL",TRUE
"gebeurd","green","NL",TRUE
"begrepen","red","NL",TRUE
"meegekregen","red","BE",TRUE
"gedekt","red","BE",TRUE
"gezegd","red","BE",FALSE
"gevonden","red","BE",TRUE
"geregeld","green","NL",FALSE
"neergezet","red","NL",TRUE
"afgehandeld","red","BE",TRUE
"verbruikt","red","BE",TRUE
"bereikt","green","BE",TRUE
"vervangen","red","NL",TRUE
"opgegroeid","green","BE",TRUE
"gewenst","red","BE",TRUE
"gelopen","red","BE",TRUE
"gezegd","green","BE",TRUE
"geweest","red","BE",TRUE
"gesproken","red","NL",TRUE
"gelaten","red","BE",TRUE
"verleend","red","NL",TRUE
"teruggekregen","red","BE",TRUE
"geweest","red","NL",TRUE
"geweest","green","NL",TRUE
"gedacht","red","BE",TRUE
"binnengevallen","red","BE",TRUE
"uitgescholden","red","NL",FALSE
"gekregen","red","BE",TRUE
"afgedwongen","red","BE",TRUE
"besmet","red","BE",TRUE
"gevierd","green","NL",FALSE
"opgelost","green","NL",FALSE
"behandeld","red","NL",TRUE
"geweest","green","NL",TRUE
"gegaan","red","BE",TRUE
"meegemaakt","red","NL",TRUE
"geworden","red","BE",TRUE
"geweest","red","BE",TRUE
"toegestaan","red","BE",TRUE
"gedaan","green","BE",TRUE
"gedaan","red","NL",TRUE
"gevoeld","red","BE",TRUE
"gebeurd","red","BE",TRUE
"gereinigd","red","NL",TRUE
"uitgekeken","green","BE",TRUE
"aangebracht","green","BE",TRUE
"hersteld","red","NL",TRUE
"geworden","red","BE",TRUE
"gezegd","red","NL",TRUE
"gehad","red","BE",TRUE
"genomen","red","NL",TRUE
"gevoed","green","BE",TRUE
"geweest","red","BE",TRUE
"betuigd","red","BE",TRUE
"gekocht","red","NL",FALSE
"genomen","red","NL",TRUE
"beledigd","green","BE",TRUE
"vermoed","green","BE",TRUE
"uitgehaald","red","NL",TRUE
"gedronken","green","NL",TRUE
"gezegd","red","NL",TRUE
"geworden","green","NL",TRUE
"volgehouden","red","NL",TRUE
"aangeboden","red","NL",TRUE
"geëerd","green","NL",TRUE
"behoord","red","NL",TRUE
"afgelopen","green","BE",TRUE
"vermoord","red","NL",TRUE
"voorzien","green","BE",TRUE
"vooropgesteld","green","BE",TRUE
"geneukt","red","NL",TRUE
"gezegd","green","BE",TRUE
"gezuiverd","green","BE",TRUE
"overgenomen","green","BE",TRUE
"terechtgekomen","green","BE",TRUE
"uitgelegd","red","NL",TRUE
"geblazen","red","BE",TRUE
"gemaakt","green","BE",TRUE
"gedaan","green","BE",TRUE
"geschorst","red","BE",TRUE
"beslist","green","BE",TRUE
"gewapend","green","BE",TRUE
"teruggekeerd","red","NL",TRUE
"gearresteerd","red","NL",TRUE
"overgekomen","red","NL",FALSE
"weggenomen","red","NL",TRUE
"gegeven","red","BE",TRUE
"gedumpt","red","NL",TRUE
"afgemaakt","red","BE",FALSE
"aangetrokken","red","BE",TRUE
"opgelost","green","BE",TRUE
"gericht","red","NL",TRUE
"vermoed","red","BE",TRUE
"gezegd","green","BE",TRUE
"gedaan","red","NL",TRUE
"gekomen","red","NL",TRUE
"weggeweest","red","NL",TRUE
"voorgelegd","red","NL",TRUE
"teruggevonden","red","BE",TRUE
"gebracht","red","BE",TRUE
"geworden","green","BE",TRUE
"gebracht","red","BE",TRUE
"verdacht","red","NL",TRUE
"gehad","red","NL",FALSE
"geschied","red","NL",TRUE
"ingenomen","red","BE",TRUE
"getrouwd","red","BE",TRUE
"gedood","red","NL",TRUE
"gelezen","red","BE",TRUE
"toegegeven","red","BE",TRUE
"gemaakt","red","NL",TRUE
"gestuurd","red","NL",TRUE
"geschilderd","red","BE",TRUE
"gevonden","red","NL",TRUE
"gekocht","red","BE",TRUE
"bestookt","red","NL",TRUE
"opgepakt","green","BE",TRUE
"gehad","red","NL",TRUE
"vermeld","green","NL",TRUE
"geschorst","green","BE",TRUE
"verloren","red","BE",FALSE
"verkocht","red","BE",TRUE
"gebeurd","red","NL",TRUE
"gedaan","red","NL",FALSE
"gestopt","green","NL",FALSE
"ontdekt","red","NL",TRUE
"gehangen","red","NL",FALSE
"gegeven","red","NL",TRUE
"aangetroffen","red","NL",TRUE
"gedaan","red","BE",TRUE
"aangepast","red","NL",TRUE
"gezien","green","BE",TRUE
"gekocht","green","BE",TRUE
"verdwaald","red","NL",TRUE
"gezegd","red","NL",TRUE
"gezeten","red","BE",TRUE
"uitgesteld","red","NL",TRUE
"ingelicht","red","BE",TRUE
"gecoverd","green","BE",FALSE
"vertrokken","green","BE",TRUE
"geregend","green","BE",TRUE
"gevormd","green","BE",TRUE
"gebleven","red","BE",TRUE
"doorgegaan","red","NL",TRUE
"gestapt","red","BE",TRUE
"gelanceerd","red","NL",TRUE
"geraakt","red","BE",TRUE
"aangerekend","red","NL",TRUE
"toegelaten","red","NL",FALSE
"gevochten","red","NL",TRUE
"opgelost","red","BE",TRUE
"gelukt","red","BE",FALSE
"bedoeld","red","BE",TRUE
"vereerd","red","BE",TRUE
"gezet","red","NL",TRUE
"gegaan","red","NL",TRUE
"gezet","red","BE",TRUE
"gedaan","green","NL",FALSE
"afgeschaft","red","BE",TRUE
"gelegd","red","NL",TRUE
"omgezet","red","BE",TRUE
"gebeurd","green","BE",TRUE
"vernomen","red","BE",TRUE
"overgegeven","red","NL",TRUE
"gevraagd","green","NL",TRUE
"gegeven","red","NL",TRUE
"opgeschreven","red","NL",TRUE
"weggespeeld","red","BE",TRUE
"verboden","green","NL",TRUE
"geweest","red","NL",TRUE
"herpakt","red","BE",TRUE
"verdronken","green","BE",TRUE
"verhuisd","red","NL",TRUE
"beschouwd","red","BE",TRUE
"omringd","green","BE",TRUE
"gekund","green","BE",TRUE
"geklaagd","red","NL",TRUE
"genoemd","red","NL",TRUE
"gehoord","red","BE",TRUE
"geïnformeerd","green","NL",FALSE
"gehad","red","NL",TRUE
"ingetrokken","red","BE",TRUE
"gevonden","red","BE",FALSE
"ontdekt","green","NL",TRUE
"afgehaald","red","BE",TRUE
"uitgevoerd","red","BE",TRUE
"geweest","red","BE",FALSE
"opgenomen","red","BE",TRUE
"gebleven","red","BE",TRUE
"geweerd","red","BE",TRUE
"geweest","green","BE",TRUE
"onderhandeld","green","BE",TRUE
"gevolgd","green","NL",TRUE
"gemaakt","red","BE",FALSE
"verraden","green","BE",FALSE
"toegepast","red","BE",FALSE
"misbruikt","red","BE",TRUE
"beland","green","BE",TRUE
"gewerkt","red","BE",TRUE
"gezien","green","BE",FALSE
"gevangen","green","NL",TRUE
"gezien","red","NL",TRUE
"verrast","red","BE",TRUE
"gehad","red","BE",TRUE
"gesteund","green","NL",TRUE
"onderzocht","green","NL",TRUE
"getrokken","red","NL",TRUE
"bestolen","green","BE",TRUE
"verhoogd","red","BE",TRUE
"gezeten","green","BE",TRUE
"gezegd","green","NL",TRUE
"verlangd","red","NL",TRUE
"gevonden","red","BE",TRUE
"bedreigd","red","BE",TRUE
"gevonden","green","BE",TRUE
"gestolen","red","BE",TRUE
"gekomen","green","NL",FALSE
"binnengekomen","red","BE",TRUE
"toegepast","green","BE",FALSE
"geworden","red","NL",TRUE
"doorgestuurd","red","BE",TRUE
"verhandeld","green","BE",TRUE
"geweest","red","BE",TRUE
"verlopen","green","BE",FALSE
"getrouwd","green","BE",TRUE
"gelachen","green","BE",TRUE
"aanvaard","green","BE",TRUE
"verdacht","red","NL",TRUE
"herkend","green","BE",TRUE
"gehaald","red","NL",TRUE
"gehad","green","BE",FALSE
"gebruikt","red","BE",TRUE
"gekregen","red","BE",TRUE
"verdiend","green","BE",TRUE
"gestoken","red","BE",FALSE
"gespeeld","red","NL",TRUE
"gedacht","red","NL",TRUE
"aanvaard","green","BE",TRUE
"toegekomen","green","BE",TRUE
"gedrukt","red","BE",TRUE
"genoemd","red","BE",TRUE
"gemaakt","red","BE",FALSE
"uitgezien","red","BE",TRUE
"ontslagen","green","BE",TRUE
"gewerkt","red","NL",TRUE
"gebracht","green","NL",TRUE
"gehad","red","NL",FALSE
"gevonden","red","NL",TRUE
"gegeten","red","NL",TRUE
"verzet","red","NL",TRUE
"gekomen","red","BE",TRUE
"gevonden","red","BE",TRUE
"bevonden","green","BE",TRUE
"gedaan","red","NL",TRUE
"verlaten","red","NL",TRUE
"gevraagd","red","NL",TRUE
"gestaan","red","BE",TRUE
"gedaan","red","BE",TRUE
"gelopen","green","NL",FALSE
"toegejuicht","red","NL",TRUE
"gemaakt","red","NL",TRUE
"gedronken","red","NL",TRUE
"geweest","red","NL",TRUE
"gekomen","red","NL",TRUE
"gezegd","green","BE",FALSE
"gebracht","red","NL",TRUE
"geweest","red","BE",TRUE
"gebroken","red","BE",FALSE
"gebaseerd","red","BE",FALSE
"gegroeid","red","NL",TRUE
"gekocht","red","NL",FALSE
"bedrogen","green","BE",FALSE
"uitgeroepen","red","BE",TRUE
"gepest","green","BE",TRUE
"verboden","green","NL",TRUE
"gedaan","green","NL",TRUE
"vrijgesproken","red","BE",TRUE
"veroorzaakt","red","NL",TRUE
"opgedaan","red","BE",TRUE
"gemaakt","red","BE",TRUE
"geschreven","red","BE",TRUE
"hervat","red","BE",TRUE
"verwerkt","green","NL",TRUE
"gemaakt","red","NL",TRUE
"gevoed","green","BE",TRUE
"verstaan","green","BE",FALSE
"gevoeld","red","NL",TRUE
"gemaakt","red","BE",TRUE
"gesleept","red","BE",FALSE
"gedaan","green","NL",TRUE
"gestreken","red","NL",TRUE
"gedronken","green","BE",TRUE
"ingeschreven","green","BE",TRUE
"gewenst","green","BE",TRUE
"gezien","green","NL",TRUE
"gevraagd","red","BE",TRUE
"genomen","green","BE",TRUE
"overgenomen","red","BE",TRUE
"geschoten","green","BE",TRUE
"bekomen","red","BE",TRUE
"gedaan","green","BE",FALSE
"gehoord","red","BE",TRUE
"gehoord","red","BE",FALSE
"geweest","red","BE",TRUE
"verlengd","red","BE",TRUE
"overtuigd","red","BE",TRUE
"geaccepteerd","green","NL",TRUE
"verboden","green","BE",TRUE
"uitgegeven","red","BE",TRUE
"gezien","red","NL",TRUE
"gemaakt","red","BE",TRUE
"gedaan","red","NL",FALSE
"opgenomen","red","NL",FALSE
"aangevallen","red","NL",TRUE
"gebeurd","red","NL",FALSE
"geslagen","red","NL",TRUE
"verplicht","green","BE",TRUE
"afgesloten","green","NL",TRUE
"gestraft","green","NL",FALSE
"stilgestaan","red","NL",FALSE
"gezet","red","BE",FALSE
"gehad","red","BE",FALSE
"getraind","green","BE",TRUE
"verkregen","red","BE",TRUE
"gewerkt","red","BE",FALSE
"voorzien","green","BE",TRUE
"geholpen","green","BE",TRUE
"gewild","red","NL",TRUE
"genomen","red","NL",TRUE
"verdacht","green","NL",TRUE
"verzameld","red","NL",TRUE
"getreden","red","BE",TRUE
"gepakt","red","NL",TRUE
"gefaald","red","NL",TRUE
"gepakt","green","NL",TRUE
"gebeurd","red","NL",TRUE
"afgestemd","green","BE",TRUE
"gered","red","BE",TRUE
"getekend","green","NL",FALSE
"gezien","red","NL",TRUE
"aangesloten","green","BE",TRUE
"verbleven","red","BE",TRUE
"gelinkt","green","BE",TRUE
"vermoord","green","BE",FALSE
"geschrokken","red","BE",TRUE
"geregeld","red","NL",TRUE
"gepest","green","BE",TRUE
"gelezen","red","NL",TRUE
"uitgeleverd","red","BE",TRUE
"gewerkt","green","BE",TRUE
"geproefd","green","BE",TRUE
"gebotst","red","BE",TRUE
"getrouwd","red","NL",TRUE
"gekregen","red","NL",TRUE
"gebouwd","green","NL",TRUE
"gebleven","red","NL",TRUE
"ontmoet","green","BE",TRUE
"opgebeld","red","BE",TRUE
"gestorven","green","BE",TRUE
"verkozen","green","BE",TRUE
"ingeleid","green","NL",FALSE
"gevoerd","red","BE",TRUE
"veranderd","green","NL",FALSE
"opgelegd","red","NL",TRUE
"gesmeekt","green","BE",TRUE
"geworden","red","NL",FALSE
"gezegd","red","NL",TRUE
"genomen","red","NL",TRUE
"afgedroogd","red","NL",TRUE
"veroordeeld","red","BE",TRUE
"genageld","green","BE",TRUE
"aangepakt","green","NL",TRUE
"gehoopt","green","NL",TRUE
"uitgezocht","red","BE",FALSE
"verlaten","green","NL",TRUE
"berekend","green","BE",TRUE
"gemaakt","red","BE",TRUE
"gevoerd","red","BE",TRUE
"gedood","green","BE",TRUE
"ontsnapt","red","NL",TRUE
"geflitst","red","BE",TRUE
"aangeschaft","red","NL",TRUE
"verklaard","red","BE",FALSE
"gegaan","red","BE",TRUE
"uitgenodigd","red","BE",TRUE
"gelogen","green","BE",TRUE
"beroofd","red","BE",TRUE
"begonnen","green","NL",TRUE
"gevierd","red","NL",TRUE
"gehad","green","NL",FALSE
"begraven","red","NL",FALSE
"gebruikt","green","NL",TRUE
"meegenomen","red","NL",TRUE
"geplukt","green","BE",TRUE
"begonnen","red","NL",FALSE
"opgehangen","red","NL",TRUE
"gezien","red","BE",TRUE
"gestraft","red","NL",TRUE
"verlicht","green","BE",TRUE
"aangekomen","red","NL",TRUE
"gedragen","green","BE",TRUE
"verschoten","red","BE",TRUE
"uitgesmeerd","green","BE",TRUE
"gespeeld","red","BE",TRUE
"geweest","red","BE",TRUE
"genomen","red","BE",TRUE
"gemaakt","green","BE",FALSE
"aangeschoten","red","BE",TRUE
"gebeurd","red","BE",TRUE
"verwacht","green","NL",TRUE
"bewaakt","green","NL",TRUE
"gebeurd","red","NL",FALSE
"gecomponeerd","red","NL",TRUE
"geslaagd","green","BE",TRUE
"geholpen","red","NL",TRUE
"vervuld","red","NL",TRUE
"gemaakt","red","NL",TRUE
"gebracht","red","BE",TRUE
"gewonnen","green","BE",TRUE
"gewend","green","NL",FALSE
"verwacht","red","BE",TRUE
"aangekomen","red","NL",TRUE
"blootgesteld","red","BE",TRUE
"gezegd","green","NL",TRUE
"ingewerkt","red","BE",TRUE
"gegaan","red","BE",TRUE
"bekleed","green","NL",TRUE
"geschonden","green","BE",TRUE
"geweest","red","BE",FALSE
"gegaan","red","BE",TRUE
"gedaan","red","NL",TRUE
"verlost","green","BE",TRUE
"gecreëerd","red","BE",TRUE
"doodgeschoten","red","NL",TRUE
"gesteld","red","NL",TRUE
"gedwongen","green","NL",TRUE
"geweest","green","NL",TRUE
"bestemd","green","BE",TRUE
"verworven","red","BE",TRUE
"gewonnen","green","BE",FALSE
"bedacht","red","NL",TRUE
"begrepen","red","NL",TRUE
"geregeld","red","BE",TRUE
"gekregen","green","BE",FALSE
"gehouden","red","BE",TRUE
"gekomen","red","NL",TRUE
"geworden","red","BE",TRUE
"gezien","red","NL",FALSE
"verrast","green","BE",TRUE
"opgelopen","red","BE",TRUE
"gegaan","green","NL",TRUE
"geïnteresseerd","green","BE",FALSE
"gegaan","red","BE",TRUE
"gestuurd","red","BE",TRUE
"geregend","green","NL",TRUE
"gebeurd","green","BE",TRUE
"aangepast","green","BE",TRUE
"opgegeven","red","NL",TRUE
"gewonnen","red","BE",TRUE
"genomen","green","BE",TRUE
"gehackt","red","NL",TRUE
"getraind","green","BE",TRUE
"getrokken","red","BE",TRUE
"gekregen","red","NL",TRUE
"begrepen","green","BE",FALSE
"gehad","red","NL",FALSE
"gedwongen","red","NL",TRUE
"herleid","green","BE",TRUE
"geslaagd","red","BE",TRUE
"gezet","green","BE",TRUE
"geboren","green","BE",TRUE
"ontsnapt","red","BE",TRUE
"vertrokken","green","BE",TRUE
"doorstaan","red","BE",TRUE
"gezegd","red","NL",TRUE
"gedaan","red","NL",TRUE
"behandeld","red","NL",TRUE
"gebeurd","green","BE",TRUE
"gemaakt","red","NL",TRUE
"erkend","green","BE",TRUE
"ontmaskerd","green","NL",TRUE
"gevonden","red","BE",TRUE
"gestort","red","BE",TRUE
"gegaan","red","BE",TRUE
"bedrogen","green","BE",FALSE
"gebeurd","red","BE",TRUE
"gedronken","green","BE",TRUE
"geleerd","red","NL",TRUE
"mishandeld","red","NL",TRUE
"geworden","green","BE",TRUE
"geraakt","red","BE",TRUE
"ontploft","green","BE",TRUE
"gezeten","green","NL",TRUE
"bijgestuurd","red","BE",TRUE
"geworden","red","BE",FALSE
"overvallen","green","BE",FALSE
"gezien","red","NL",TRUE
"ontvangen","green","BE",TRUE
"weergegeven","red","NL",FALSE
"gekomen","green","BE",FALSE
"gemaakt","red","NL",TRUE
"bewerkstelligd","red","BE",FALSE
"geboren","green","NL",TRUE
"gebeurd","green","BE",TRUE
"gehouden","red","BE",TRUE
"vertrokken","red","BE",TRUE
"gevonden","green","BE",TRUE
"genoemd","red","BE",FALSE
"gestapt","red","BE",TRUE
"verwacht","red","BE",TRUE
"gemaakt","green","BE",TRUE
"gelopen","red","NL",TRUE
"verworpen","red","NL",TRUE
"bediend","red","NL",TRUE
"gegaan","red","BE",TRUE
"lastiggevallen","red","BE",TRUE
"gedaan","red","BE",TRUE
"gebeurd","red","NL",FALSE
"gezegd","red","BE",TRUE
"geworden","red","BE",TRUE
"verbeeld","red","NL",TRUE
"gedaan","red","NL",TRUE
"gestopt","green","BE",FALSE
"gespeeld","red","BE",TRUE
"vergist","red","BE",TRUE
"getrouwd","green","NL",TRUE
"aangepakt","red","BE",TRUE
"gebruikt","green","BE",TRUE
"achtergebleven","red","BE",TRUE
"verwacht","red","NL",TRUE
"vernietigd","red","NL",TRUE
"gekomen","red","BE",TRUE
"gemanoeuvreerd","red","BE",TRUE
"getoond","green","BE",TRUE
"geweest","red","BE",TRUE
"gemunt","red","NL",TRUE
"gepland","green","BE",TRUE
"geweest","red","NL",TRUE
"gezien","green","NL",TRUE
"genoteerd","green","BE",TRUE
"gezien","green","BE",TRUE
"gedaan","green","BE",TRUE
"gezien","green","BE",TRUE
"bedreigd","red","NL",TRUE
"begonnen","green","NL",FALSE
"geweest","red","BE",TRUE
"aangespoord","red","NL",TRUE
"gelezen","green","NL",FALSE
"gedaan","green","BE",FALSE
"ontwapend","green","NL",TRUE
"behandeld","green","NL",FALSE
"verplicht","green","BE",TRUE
"gezien","green","BE",TRUE
"gekomen","green","NL",TRUE
"omringd","green","BE",TRUE
"gebeld","red","NL",TRUE
"gegaan","red","BE",TRUE
"gebeurd","red","NL",TRUE
"geboren","red","BE",FALSE
"gemaakt","red","NL",TRUE
"geprobeerd","red","NL",TRUE
"gelaten","red","NL",TRUE
"geschreven","red","BE",TRUE
"geworden","green","BE",TRUE
"verkloot","green","BE",FALSE
"gemaakt","red","BE",TRUE
"overgemaakt","red","NL",TRUE
"gezien","green","NL",TRUE
"gezien","green","BE",FALSE
"geconfronteerd","green","BE",TRUE
"veroordeeld","green","BE",TRUE
"gekomen","red","BE",TRUE
"gedaan","red","NL",TRUE
"gedaan","red","NL",TRUE
"betaald","green","BE",TRUE
"bedreven","green","BE",TRUE
"gewonnen","green","BE",TRUE
"gedaan","green","BE",TRUE
"geslagen","red","BE",TRUE
"aangepakt","red","NL",TRUE
"bedongen","red","NL",TRUE
"voorspeld","red","BE",TRUE
"gevreeën","red","NL",TRUE
"gelukt","red","BE",FALSE
"vervuld","green","NL",TRUE
"gescheurd","red","NL",TRUE
"bereikt","green","BE",TRUE
"gegroeid","green","BE",TRUE
"geleefd","red","BE",TRUE
"uitgerust","green","BE",TRUE
"verwacht","green","BE",TRUE
"opgezet","green","NL",TRUE
"bestolen","red","BE",TRUE
"gebeurd","red","BE",TRUE
"begonnen","green","BE",TRUE
"betaald","green","BE",TRUE
"geholpen","green","BE",FALSE
"bereikt","red","NL",TRUE
"gegeven","red","BE",TRUE
"overtuigd","red","BE",TRUE
"geduurd","green","BE",TRUE
"bedekt","green","NL",TRUE
"ondernomen","red","NL",FALSE
"gelezen","red","BE",TRUE
"gehouden","green","NL",TRUE
"gewonnen","red","BE",TRUE
"bedrogen","red","BE",TRUE
"genezen","green","BE",TRUE
"opgezet","green","BE",FALSE
"beschouwd","red","BE",TRUE
"gedeporteerd","red","BE",TRUE
"gestoord","red","NL",TRUE
"gebeurd","green","BE",TRUE
"gestopt","green","NL",FALSE
"gehad","red","NL",TRUE
"gezeten","green","BE",TRUE
"ingestemd","green","BE",FALSE
"gestuurd","green","NL",FALSE
"gecommuniceerd","green","BE",FALSE
"geworden","red","BE",FALSE
"gescoord","red","BE",TRUE
"gedaan","red","NL",TRUE
"geopereerd","red","NL",TRUE
"geantwoord","red","BE",TRUE
"begeleid","green","BE",TRUE
"gehad","red","NL",TRUE
"gestaan","red","BE",TRUE
"berispt","green","NL",TRUE
"overtuigd","green","BE",TRUE
"geïnteresseerd","red","BE",TRUE
"gekregen","red","NL",TRUE
"gespijbeld","green","NL",TRUE
"ingezet","red","BE",TRUE
"gesteld","red","NL",TRUE
"veranderd","red","NL",TRUE
"doorgevoerd","red","NL",TRUE
"gestorven","red","NL",TRUE
"onderbouwd","green","BE",TRUE
"beloofd","green","BE",TRUE
"tegengehouden","red","BE",TRUE
"gebruikt","red","NL",TRUE
"gekomen","green","BE",TRUE
"aangerand","red","NL",TRUE
"gemaakt","red","BE",TRUE
"gezien","green","BE",TRUE
"getoond","red","BE",TRUE
"verlaten","red","NL",TRUE
"gekomen","red","NL",TRUE
"weggegeven","red","NL",TRUE
"gelukt","red","BE",TRUE
"toegevoegd","green","BE",TRUE
"betrapt","red","BE",TRUE
"geboden","green","NL",TRUE
"gezegd","red","BE",TRUE
"genomen","red","BE",TRUE
"gedacht","red","NL",TRUE
"geschreven","red","BE",FALSE
"begonnen","red","NL",TRUE
"verteld","green","BE",TRUE
"gemaakt","red","BE",TRUE
"geworden","red","NL",TRUE
"geweest","red","BE",TRUE
"gedacht","green","NL",TRUE
"geslaagd","green","BE",TRUE
"gekregen","red","NL",TRUE
"gebeurd","red","NL",TRUE
"vermoord","red","BE",TRUE
"begonnen","red","NL",FALSE
"verborgen","red","NL",TRUE
"gehad","green","BE",TRUE
"behandeld","red","NL",TRUE
"gehad","red","NL",FALSE
"gescoord","green","BE",TRUE
"geraakt","red","NL",TRUE
"gevolgd","red","NL",TRUE
"geboren","red","NL",TRUE
"geluisterd","red","NL",TRUE
"gewonnen","red","BE",TRUE
"aangereden","red","BE",TRUE
"gezeten","red","NL",TRUE
"vermoord","red","NL",TRUE
"opgeborgen","green","NL",TRUE
"vastgesteld","red","NL",TRUE
"gedaagd","green","BE",TRUE
"verloren","red","NL",FALSE
"geleerd","green","NL",TRUE
"geweten","green","BE",TRUE
"beroofd","green","BE",TRUE
"gestruikeld","red","BE",TRUE
"gedaan","green","BE",FALSE
"geworden","red","BE",TRUE
"geweest","red","NL",TRUE
"gegeven","red","BE",TRUE
"gesnoven","red","NL",TRUE
"vastgelegd","red","BE",TRUE
"gesnoven","green","BE",FALSE
"ontvoerd","red","BE",TRUE
"gedeeld","red","BE",TRUE
"gewild","red","NL",TRUE
"gehouden","red","NL",TRUE
"geweest","red","BE",TRUE
"gezien","red","BE",TRUE
"opgenomen","red","BE",TRUE
"opgevoed","red","NL",TRUE
"gespeeld","red","BE",TRUE
"gehad","red","NL",FALSE
"buitengezet","red","BE",TRUE
"gedropt","red","BE",TRUE
"vernomen","red","BE",TRUE
"geworden","red","BE",TRUE
"doordrongen","green","NL",TRUE
"geslikt","green","BE",TRUE
"gegaan","red","NL",TRUE
"geopperd","red","NL",TRUE
"georganiseerd","red","NL",TRUE
"verkocht","green","BE",TRUE
"behandeld","red","NL",TRUE
"genomen","red","BE",TRUE
"geweest","red","BE",FALSE
"betaald","red","BE",TRUE
"geprobeerd","green","BE",TRUE
"aanbevolen","red","BE",TRUE
"opgestuurd","red","NL",TRUE
"geworden","red","NL",TRUE
"gewerkt","red","NL",TRUE
"vastgelegd","red","BE",TRUE
"voorbereid","green","BE",TRUE
"voorbestemd","red","BE",TRUE
"uitgezocht","green","BE",FALSE
"verboden","green","NL",TRUE
"overeengekomen","red","NL",TRUE
"genoemd","green","BE",FALSE
"genoemd","red","NL",TRUE
"afgevraagd","green","BE",FALSE
"gekomen","red","NL",FALSE
"geschied","green","NL",TRUE
"geweest","red","BE",TRUE
"gedaan","green","NL",TRUE
"ontwikkeld","red","BE",TRUE
"geweest","green","BE",TRUE
"vernietigd","red","NL",TRUE
"genomen","green","NL",FALSE
"gehouden","red","NL",TRUE
"gefilmd","green","BE",TRUE
"gefietst","red","BE",TRUE
"gelukt","red","BE",TRUE
"opgevraagd","red","NL",TRUE
"gehaald","red","BE",TRUE
"gebruikt","red","NL",TRUE
"gehad","red","NL",TRUE
"gezien","red","BE",TRUE
"gewaardeerd","red","NL",FALSE
"geïndoctrineerd","green","BE",TRUE
"gestuurd","red","BE",TRUE
"uitverkoren","red","NL",TRUE
"uitgedeeld","red","BE",TRUE
"vermeld","red","BE",TRUE
"gehouden","green","BE",TRUE
"geweest","red","NL",TRUE
"getrouwd","green","BE",TRUE
"vergeten","red","NL",TRUE
"uitgelokt","red","BE",TRUE
"verstaan","red","NL",TRUE
"verwittigd","red","BE",TRUE
"geveegd","red","NL",TRUE
"gegaan","red","NL",TRUE
"gewild","red","NL",TRUE
"veroordeeld","red","BE",TRUE
"afgescheurd","red","BE",TRUE
"gedragen","red","BE",TRUE
"gedwongen","green","BE",TRUE
"gehouden","green","BE",TRUE
"meegemaakt","green","BE",TRUE
"gedaan","red","BE",FALSE
"gemunt","green","NL",TRUE
"geprobeerd","red","NL",TRUE
"geworden","red","BE",TRUE
"gestapt","red","NL",TRUE
"gesolliciteerd","green","BE",TRUE
"nagedacht","red","NL",TRUE
"volbracht","green","BE",TRUE
"gezien","red","BE",FALSE
"gespeeld","red","BE",TRUE
"betaald","green","BE",FALSE
"geconfronteerd","green","BE",TRUE
"betaald","green","BE",TRUE
"gevonden","red","NL",FALSE
"gedaan","red","NL",TRUE
"overgeslagen","green","NL",TRUE
"bevallen","green","NL",FALSE
"ingediend","red","BE",TRUE
"gedacht","green","BE",TRUE
"ingediend","red","BE",TRUE
"geraakt","red","NL",TRUE
"opgehaald","red","BE",TRUE
"geschapen","red","NL",TRUE
"gepasseerd","red","BE",TRUE
"gekomen","red","BE",TRUE
"geweest","red","NL",TRUE
"verwacht","red","BE",TRUE
"genomen","red","NL",TRUE
"overschaduwd","green","BE",TRUE
"bestempeld","red","NL",FALSE
"opgedoken","red","BE",TRUE
"getrouwd","green","NL",TRUE
"gehouden","green","BE",TRUE
"ingezien","red","BE",TRUE
"geweest","red","BE",TRUE
"betaald","red","BE",TRUE
"gesproken","red","NL",TRUE
"uitgerekend","red","NL",FALSE
"genoemd","green","BE",TRUE
"gehoord","red","NL",TRUE
"verzorgd","red","BE",TRUE
"verzekerd","green","NL",FALSE
"verwacht","red","BE",TRUE
"gemerkt","red","NL",TRUE
"bekend","red","NL",TRUE
"bedoeld","green","NL",TRUE
"besmet","green","NL",TRUE
"gewerkt","red","NL",FALSE
"afgegaan","green","BE",TRUE
"voorgesteld","red","NL",TRUE
"verboden","green","BE",TRUE
"gezet","red","NL",TRUE
"toegegeven","red","BE",TRUE
"geknald","red","BE",TRUE
"gevoeld","red","BE",TRUE
"gedwongen","green","NL",FALSE
"beziggehouden","red","BE",TRUE
"overtreden","red","BE",FALSE
"gebeurd","red","NL",TRUE
"geweest","green","BE",TRUE
"gezien","green","NL",TRUE
"doodgeschoten","red","BE",TRUE
"gewonnen","red","NL",TRUE
"gebracht","red","NL",TRUE
"begrepen","red","BE",TRUE
"gebracht","red","NL",TRUE
"gespot","red","BE",TRUE
"aangeraden","green","BE",TRUE
"beschuldigd","red","BE",TRUE
"ontdekt","green","NL",TRUE
"uitgekomen","red","NL",TRUE
"geschreven","red","BE",TRUE
"geworden","green","BE",TRUE
"opgelopen","red","BE",TRUE
"gestolen","green","BE",TRUE
"gebeurd","red","NL",TRUE
"gemaakt","red","BE",TRUE
"gebleven","green","BE",TRUE
"gehad","red","NL",TRUE
"bepaald","red","NL",TRUE
"verwacht","red","BE",TRUE
"gevolgd","red","NL",TRUE
"geconfronteerd","green","BE",TRUE
"genomen","red","BE",TRUE
"ontdekt","red","NL",TRUE
"gepleit","red","NL",TRUE
"gelukt","green","NL",FALSE
"gevonden","red","NL",TRUE
"gelukt","green","NL",FALSE
"gezien","red","NL",TRUE
"genekt","green","BE",TRUE
"gekost","red","NL",TRUE
"dichtgedaan","red","NL",TRUE
"geëindigd","red","NL",TRUE
"gezeten","red","NL",FALSE
"gehoord","red","NL",TRUE
"gekoppeld","green","BE",FALSE
"geweest","red","NL",TRUE
"aangegeven","red","NL",TRUE
"geweest","red","NL",FALSE
"opgebruikt","green","BE",TRUE
"gedaan","green","BE",FALSE
"geschoten","red","NL",TRUE
"gehoord","green","NL",TRUE
"gereden","red","BE",TRUE
"gehoord","red","BE",TRUE
"verwacht","green","BE",TRUE
"ingezet","red","NL",TRUE
"verwacht","red","NL",TRUE
"afgesloten","red","NL",TRUE
"veroordeeld","green","BE",TRUE
"gestorven","green","BE",FALSE
"betaald","red","BE",TRUE
"geweest","red","NL",TRUE
"vertrokken","green","BE",TRUE
"gezien","green","BE",TRUE
"gelezen","green","BE",TRUE
"gevoeld","red","NL",TRUE
"gevoerd","red","BE",TRUE
"opgenomen","red","BE",TRUE
"gestuurd","red","BE",TRUE
"gehandeld","green","BE",TRUE
"getrouwd","green","BE",TRUE
"verkeken","green","NL",TRUE
"getoond","red","NL",TRUE
"verteerd","green","BE",TRUE
"beland","red","BE",TRUE
"getraind","red","BE",TRUE
"gebracht","red","BE",FALSE
"overtuigd","red","BE",TRUE
"gewonnen","green","NL",TRUE
"gezet","red","NL",FALSE
"ontslagen","red","BE",TRUE
"overtuigd","green","BE",TRUE
"gelezen","green","NL",TRUE
"gebroken","red","NL",TRUE
"toegestaan","red","NL",TRUE
"ontmoet","green","BE",TRUE
"gedragen","red","BE",TRUE
"gemist","red","BE",FALSE
"gewend","green","NL",TRUE
"gekregen","red","BE",TRUE
"geïnteresseerd","green","BE",TRUE
"gedaan","green","NL",FALSE
"weggewerkt","red","BE",FALSE
"gehad","green","BE",TRUE
"geschoten","red","NL",FALSE
"geleerd","green","NL",TRUE
"gezien","red","BE",TRUE
"geregend","green","BE",TRUE
"gekomen","red","BE",TRUE
"veroorzaakt","red","BE",TRUE
"opgelopen","red","BE",FALSE
"gegeven","red","BE",TRUE
"gekrompen","green","NL",FALSE
"gemaakt","red","BE",TRUE
"getrouwd","green","BE",FALSE
"geschoten","red","BE",TRUE
"verwacht","red","BE",TRUE
"gezet","red","NL",TRUE
"gekomen","green","NL",TRUE
"gehoord","red","BE",FALSE
"ingelicht","red","NL",TRUE
"liefgehad","red","NL",TRUE
"gekregen","green","BE",TRUE
"uitgevoerd","red","NL",TRUE
"gedaan","red","BE",TRUE
"weergegeven","red","NL",TRUE
"gedaan","green","BE",TRUE
"aangeslagen","red","NL",TRUE
"ontvangen","green","BE",TRUE
"gesteund","red","NL",TRUE
"betaald","green","BE",TRUE
"afgelopen","green","BE",TRUE
"gezien","red","NL",TRUE
"gehad","red","BE",TRUE
"bereikt","red","NL",TRUE
"gevallen","red","BE",TRUE
"opgeroepen","red","BE",TRUE
"gezegd","red","NL",TRUE
"gebruikt","green","BE",TRUE
"gewekt","red","NL",TRUE
"gezeten","red","BE",FALSE
"gebeten","red","NL",TRUE
"verkondigd","green","NL",TRUE
"geweest","green","NL",TRUE
"gecontroleerd","green","NL",TRUE
"veranderd","red","BE",TRUE
"gekregen","red","BE",TRUE
"overleefd","red","BE",TRUE
"gesticht","red","BE",TRUE
"verdiept","red","NL",TRUE
"gehad","red","NL",TRUE
"gestorven","red","NL",TRUE
"gekregen","red","BE",FALSE
"gegeven","red","NL",TRUE
"gevolgd","green","BE",TRUE
"uitgesproken","green","NL",TRUE
"geslacht","red","BE",TRUE
"opgepakt","red","BE",TRUE
"geworden","red","BE",TRUE
"begonnen","green","NL",TRUE
"vrijgesteld","red","BE",TRUE
"geslapen","green","NL",FALSE
"gepakt","red","NL",TRUE
"geweest","red","NL",TRUE
"ontslagen","red","BE",TRUE
"afgelopen","green","BE",TRUE
"geaccepteerd","red","NL",TRUE
"geworden","red","BE",TRUE
"genoemd","green","BE",TRUE
"vernomen","red","BE",TRUE
"afgezet","red","BE",FALSE
"geboren","green","BE",FALSE
"betrokken","green","BE",TRUE
"gestoord","red","BE",FALSE
"gedaan","red","NL",FALSE
"ingewijd","red","BE",TRUE
"geleerd","red","NL",TRUE
"gegeven","red","NL",TRUE
"gehouden","red","BE",TRUE
"gebracht","red","BE",TRUE
"gehad","red","NL",TRUE
"doodgeschoten","red","BE",TRUE
"gemaakt","red","NL",FALSE
"opgesteld","red","BE",TRUE
"gestoten","red","NL",TRUE
"begonnen","red","NL",TRUE
"geworden","red","BE",TRUE
"gecompenseerd","red","NL",TRUE
"geroepen","green","NL",TRUE
"ondernomen","red","BE",TRUE
"genomen","red","NL",TRUE
"afgewezen","red","BE",FALSE
"uitgeschakeld","red","BE",TRUE
"vertrouwd","green","NL",TRUE
"gehad","green","BE",FALSE
"overgelopen","red","BE",TRUE
"gereden","red","BE",TRUE
"ervaren","red","BE",TRUE
"bereikt","red","BE",TRUE
"blootgesteld","red","NL",TRUE
"gedaan","red","NL",TRUE
"gewed","red","BE",TRUE
"afgetreden","red","NL",TRUE
"overstelpt","green","BE",TRUE
"gezien","green","BE",FALSE
"begrepen","red","NL",TRUE
"gediend","red","BE",TRUE
"gekomen","red","NL",TRUE
"gezien","red","BE",TRUE
"beweerd","red","BE",TRUE
"getrouwd","green","BE",TRUE
"verkozen","green","BE",TRUE
"gelogen","green","NL",TRUE
"gedaan","red","NL",TRUE
"georganiseerd","green","BE",TRUE
"kapotgemaakt","red","BE",TRUE
"verkregen","red","NL",TRUE
"gezocht","red","BE",FALSE
"uitgekozen","red","BE",TRUE
"vastgesteld","red","NL",TRUE
"beschouwd","red","BE",TRUE
"genomen","green","BE",TRUE
"geworden","green","BE",TRUE
"beproefd","green","NL",TRUE
"geweten","red","NL",TRUE
"uitgereikt","red","NL",TRUE
"gehouden","green","BE",TRUE
"afgereden","red","NL",TRUE
"gewonnen","green","BE",TRUE
"verwittigd","red","BE",TRUE
"voorgesteld","red","BE",TRUE
"gezien","red","NL",TRUE
"geïnvesteerd","red","BE",TRUE
"gedaan","red","NL",TRUE
"gelukt","green","BE",TRUE
"gepasseerd","red","BE",TRUE
"begonnen","green","BE",FALSE
"verwonderd","red","BE",TRUE
"gehoord","red","BE",TRUE
"ondervraagd","red","BE",TRUE
"gesloten","red","BE",TRUE
"geschapen","red","NL",TRUE
"gevonden","red","NL",TRUE
"neergezet","red","NL",FALSE
"gebeurd","red","BE",TRUE
"geheten","red","BE",TRUE
"gehoopt","red","NL",TRUE
"nagekomen","red","BE",FALSE
"gekocht","red","NL",FALSE
"geselecteerd","green","BE",FALSE
"neergezet","green","BE",TRUE
